employee_id,team_name
emp_0,ProductResearchTeam
emp_1,AIResearchTeam
emp_1,CloudOpsTeam
emp_2,InnovationDevTeam
emp_3,InfraOpsTeam
emp_4,AIOpsTeam
emp_4,CloudTeam
emp_5,ProductResearchTeam
emp_6,CoreDevTeam
emp_7,AIDevTeam
emp_7,InfraDevTeam
emp_8,AITeam
emp_8,ProductOpsTeam
emp_9,AnalyticsResearchTeam
emp_9,InfraDevTeam
emp_10,AnalyticsTeam
emp_10,InnovationTeam
emp_11,InnovationTeam
emp_12,AIDevTeam
emp_13,AIDevTeam
emp_13,AnalyticsDevTeam
emp_14,CloudTeam
emp_15,InfraTeam
emp_16,AITeam
emp_17,CloudResearchTeam
emp_18,AITeam
emp_19,InfraTeam
emp_20,DataOpsTeam
emp_20,InnovationDevTeam
emp_21,CoreResearchTeam
emp_22,CloudDevTeam
emp_23,AIResearchTeam
emp_23,InfraTeam
emp_24,InfraDevTeam
emp_25,InnovationOpsTeam
emp_26,AITeam
emp_27,AnalyticsOpsTeam
emp_27,InnovationOpsTeam
emp_28,CloudResearchTeam
emp_29,DataResearchTeam
emp_30,InnovationResearchTeam
emp_30,AIOpsTeam
emp_31,InnovationOpsTeam
emp_32,AnalyticsResearchTeam
emp_32,DataTeam
emp_33,AITeam
emp_34,CloudOpsTeam
emp_35,CloudTeam
emp_35,CloudResearchTeam
emp_36,InfraResearchTeam
emp_37,InfraResearchTeam
emp_37,AnalyticsOpsTeam
emp_38,AIOpsTeam
emp_39,InnovationOpsTeam
emp_40,InnovationTeam
emp_41,CloudTeam
emp_41,CoreDevTeam
emp_42,CloudOpsTeam
emp_43,CloudResearchTeam
emp_44,AnalyticsTeam
emp_44,DataTeam
emp_45,CoreResearchTeam
emp_45,AnalyticsDevTeam
emp_46,CoreDevTeam
emp_46,AnalyticsTeam
emp_47,InnovationResearchTeam
emp_48,InfraTeam
emp_48,InfraOpsTeam
emp_49,AITeam
emp_50,CloudTeam
emp_50,InfraDevTeam
emp_51,InnovationOpsTeam
emp_52,CoreDevTeam
emp_53,InnovationOpsTeam
emp_53,InfraTeam
emp_54,ProductResearchTeam
emp_55,CloudOpsTeam
emp_56,InnovationDevTeam
emp_56,CoreOpsTeam
emp_57,DataResearchTeam
emp_58,DataOpsTeam
emp_58,ProductResearchTeam
emp_59,CoreResearchTeam
emp_59,InfraResearchTeam
emp_60,InnovationResearchTeam
emp_61,CoreDevTeam
emp_62,CoreDevTeam
emp_63,ProductResearchTeam
emp_63,CloudTeam
emp_64,InfraOpsTeam
emp_65,ProductResearchTeam
emp_65,AIResearchTeam
emp_66,DataResearchTeam
emp_66,CloudDevTeam
emp_67,AnalyticsTeam
emp_68,AnalyticsTeam
emp_68,ProductOpsTeam
emp_69,InnovationResearchTeam
emp_69,AIResearchTeam
emp_70,CoreResearchTeam
emp_71,AITeam
emp_72,AnalyticsTeam
emp_72,InnovationDevTeam
emp_73,InfraOpsTeam
emp_74,AnalyticsTeam
emp_74,InnovationDevTeam
emp_75,CoreDevTeam
emp_76,CoreResearchTeam
emp_77,DataResearchTeam
emp_77,CoreDevTeam
emp_78,CloudOpsTeam
emp_78,CloudTeam
emp_79,AIDevTeam
emp_80,InfraDevTeam
emp_81,AITeam
emp_81,AIResearchTeam
emp_82,InfraResearchTeam
emp_83,DataOpsTeam
emp_83,CoreResearchTeam
emp_84,DataDevTeam
emp_85,AIOpsTeam
emp_85,CloudDevTeam
emp_86,CoreResearchTeam
emp_86,AIDevTeam
emp_87,InfraResearchTeam
emp_87,CloudTeam
emp_88,CoreDevTeam
emp_88,DataOpsTeam
emp_89,AIOpsTeam
emp_89,AnalyticsOpsTeam
emp_90,InnovationTeam
emp_91,AnalyticsDevTeam
emp_92,InfraDevTeam
emp_92,ProductTeam
emp_93,InfraOpsTeam
emp_93,DataOpsTeam
emp_94,CoreResearchTeam
emp_94,ProductOpsTeam
emp_95,ProductTeam
emp_95,DataOpsTeam
emp_96,InnovationDevTeam
emp_96,DataDevTeam
emp_97,AIOpsTeam
emp_98,InnovationOpsTeam
emp_98,DataDevTeam
emp_99,ProductOpsTeam
emp_100,CoreTeam
emp_100,InfraDevTeam
emp_101,AIOpsTeam
emp_101,DataOpsTeam
emp_102,AIResearchTeam
emp_102,AIDevTeam
emp_103,AIDevTeam
emp_104,CoreDevTeam
emp_105,CloudDevTeam
emp_106,CloudOpsTeam
emp_106,CloudTeam
emp_107,AnalyticsTeam
emp_108,AIDevTeam
emp_108,DataDevTeam
emp_109,AnalyticsOpsTeam
emp_109,InfraDevTeam
emp_110,CloudOpsTeam
emp_110,CloudTeam
emp_111,AITeam
emp_111,InnovationDevTeam
emp_112,InfraDevTeam
emp_112,CoreDevTeam
emp_113,CoreOpsTeam
emp_114,DataTeam
emp_115,AnalyticsResearchTeam
emp_116,CoreDevTeam
emp_116,AnalyticsDevTeam
emp_117,AITeam
emp_118,CloudTeam
emp_118,AIOpsTeam
emp_119,AIOpsTeam
emp_120,CoreOpsTeam
emp_120,DataOpsTeam
emp_121,AnalyticsTeam
emp_122,AnalyticsDevTeam
emp_122,InfraDevTeam
emp_123,CloudTeam
emp_123,InfraTeam
emp_124,ProductDevTeam
emp_124,AnalyticsTeam
emp_125,InfraTeam
emp_125,AnalyticsDevTeam
emp_126,AnalyticsResearchTeam
emp_127,AnalyticsResearchTeam
emp_127,AnalyticsOpsTeam
emp_128,InfraOpsTeam
emp_128,AIDevTeam
emp_129,CoreResearchTeam
emp_130,CloudDevTeam
emp_130,CoreDevTeam
emp_131,ProductTeam
emp_131,AnalyticsOpsTeam
emp_132,CoreResearchTeam
emp_133,AIDevTeam
emp_133,DataOpsTeam
emp_134,AITeam
emp_134,InfraDevTeam
emp_135,InnovationTeam
emp_135,InnovationDevTeam
emp_136,CloudTeam
emp_137,InfraTeam
emp_137,AnalyticsOpsTeam
emp_138,CloudOpsTeam
emp_138,CoreDevTeam
emp_139,CloudTeam
emp_140,CoreResearchTeam
emp_140,AnalyticsResearchTeam
emp_141,CloudTeam
emp_141,CloudTeam
emp_142,InfraDevTeam
emp_142,CoreResearchTeam
emp_143,AIDevTeam
emp_144,InnovationResearchTeam
emp_144,InfraDevTeam
emp_145,CoreDevTeam
emp_146,InnovationDevTeam
emp_146,InnovationResearchTeam
emp_147,AnalyticsResearchTeam
emp_147,AnalyticsDevTeam
emp_148,AnalyticsTeam
emp_149,CoreResearchTeam
emp_150,AIOpsTeam
emp_150,CoreOpsTeam
emp_151,CloudDevTeam
emp_152,CloudResearchTeam
emp_153,AITeam
emp_154,CoreOpsTeam
emp_155,InnovationTeam
emp_156,InfraOpsTeam
emp_156,ProductResearchTeam
emp_157,CloudOpsTeam
emp_158,ProductOpsTeam
emp_159,ProductTeam
emp_159,AITeam
emp_160,ProductOpsTeam
emp_160,ProductOpsTeam
emp_161,CloudTeam
emp_162,InnovationTeam
emp_163,CoreResearchTeam
emp_164,InfraTeam
emp_164,CoreResearchTeam
emp_165,CoreResearchTeam
emp_166,ProductTeam
emp_166,ProductTeam
emp_167,InnovationOpsTeam
emp_167,CoreTeam
emp_168,CloudResearchTeam
emp_169,InfraOpsTeam
emp_169,DataOpsTeam
emp_170,InfraOpsTeam
emp_170,CloudOpsTeam
emp_171,InfraDevTeam
emp_172,InnovationTeam
emp_173,InnovationResearchTeam
emp_174,InfraDevTeam
emp_175,InnovationResearchTeam
emp_176,CoreResearchTeam
emp_177,InnovationOpsTeam
emp_177,InnovationDevTeam
emp_178,AIDevTeam
emp_178,DataTeam
emp_179,CloudOpsTeam
emp_179,ProductResearchTeam
emp_180,InfraDevTeam
emp_180,DataResearchTeam
emp_181,InnovationDevTeam
emp_182,InfraDevTeam
emp_182,AIResearchTeam
emp_183,DataOpsTeam
emp_184,AIResearchTeam
emp_185,InfraOpsTeam
emp_186,ProductResearchTeam
emp_186,InnovationDevTeam
emp_187,CoreResearchTeam
emp_187,InfraDevTeam
emp_188,ProductTeam
emp_189,DataOpsTeam
emp_190,AITeam
emp_190,CoreResearchTeam
emp_191,InnovationOpsTeam
emp_191,InfraOpsTeam
emp_192,CloudResearchTeam
emp_193,ProductTeam
emp_194,AnalyticsTeam
emp_194,AIOpsTeam
emp_195,CloudTeam
emp_195,InfraDevTeam
emp_196,InfraOpsTeam
emp_197,InnovationDevTeam
emp_197,InfraOpsTeam
emp_198,ProductOpsTeam
emp_198,InnovationTeam
emp_199,CoreResearchTeam
emp_200,InfraDevTeam
emp_201,CloudOpsTeam
emp_201,InfraOpsTeam
emp_202,CloudDevTeam
emp_203,CoreResearchTeam
emp_203,CloudOpsTeam
emp_204,AnalyticsOpsTeam
emp_204,InnovationTeam
emp_205,AnalyticsOpsTeam
emp_206,AnalyticsDevTeam
emp_207,InfraTeam
emp_207,InfraResearchTeam
emp_208,InfraDevTeam
emp_208,InfraDevTeam
emp_209,CoreOpsTeam
emp_210,InnovationDevTeam
emp_211,AIOpsTeam
emp_212,InnovationResearchTeam
emp_213,AnalyticsDevTeam
emp_214,ProductTeam
emp_215,CloudResearchTeam
emp_215,ProductTeam
emp_216,AnalyticsTeam
emp_217,CloudDevTeam
emp_217,CoreDevTeam
emp_218,InnovationTeam
emp_218,InfraOpsTeam
emp_219,AITeam
emp_220,AnalyticsOpsTeam
emp_221,AIDevTeam
emp_221,InfraTeam
emp_222,InnovationOpsTeam
emp_222,CloudTeam
emp_223,InfraTeam
emp_224,InnovationTeam
emp_225,InfraOpsTeam
emp_225,CoreOpsTeam
emp_226,AIOpsTeam
emp_226,InnovationResearchTeam
emp_227,InnovationOpsTeam
emp_227,CoreResearchTeam
emp_228,ProductTeam
emp_228,AnalyticsTeam
emp_229,CloudResearchTeam
emp_230,CloudTeam
emp_230,ProductOpsTeam
emp_231,CoreTeam
emp_232,ProductResearchTeam
emp_233,AIDevTeam
emp_234,AIOpsTeam
emp_235,DataOpsTeam
emp_236,CoreResearchTeam
emp_237,InnovationResearchTeam
emp_237,DataResearchTeam
emp_238,InfraDevTeam
emp_238,AnalyticsOpsTeam
emp_239,InfraDevTeam
emp_240,AnalyticsOpsTeam
emp_240,AIOpsTeam
emp_241,ProductResearchTeam
emp_241,ProductOpsTeam
emp_242,CloudResearchTeam
emp_243,InnovationTeam
emp_243,CoreResearchTeam
emp_244,ProductResearchTeam
emp_244,InnovationResearchTeam
emp_245,ProductResearchTeam
emp_246,CloudTeam
emp_247,CoreOpsTeam
emp_247,CloudTeam
emp_248,ProductTeam
emp_248,AIOpsTeam
emp_249,InfraDevTeam
emp_249,CoreResearchTeam
emp_250,InfraResearchTeam
emp_250,CloudTeam
emp_251,AIDevTeam
emp_252,CloudResearchTeam
emp_253,DataDevTeam
emp_254,CloudOpsTeam
emp_254,CloudTeam
emp_255,InfraOpsTeam
emp_255,CoreResearchTeam
emp_256,CloudTeam
emp_257,AIDevTeam
emp_258,InfraTeam
emp_258,AnalyticsOpsTeam
emp_259,InfraResearchTeam
emp_260,CloudTeam
emp_260,ProductTeam
emp_261,AIDevTeam
emp_261,AIOpsTeam
emp_262,InfraOpsTeam
emp_262,DataOpsTeam
emp_263,AnalyticsTeam
emp_263,ProductTeam
emp_264,ProductTeam
emp_265,CoreDevTeam
emp_265,CoreTeam
emp_266,CloudDevTeam
emp_266,AIResearchTeam
emp_267,InfraDevTeam
emp_268,CloudOpsTeam
emp_269,AITeam
emp_270,InfraOpsTeam
emp_270,AIOpsTeam
emp_271,CloudResearchTeam
emp_272,InfraTeam
emp_272,InfraResearchTeam
emp_273,CoreDevTeam
emp_273,InfraResearchTeam
emp_274,CloudResearchTeam
emp_274,AIResearchTeam
emp_275,InnovationOpsTeam
emp_275,InfraOpsTeam
emp_276,InfraTeam
emp_277,CloudOpsTeam
emp_278,InnovationDevTeam
emp_278,AnalyticsResearchTeam
emp_279,CloudOpsTeam
emp_280,ProductTeam
emp_280,CoreResearchTeam
emp_281,InnovationDevTeam
emp_282,CoreDevTeam
emp_282,ProductDevTeam
emp_283,DataResearchTeam
emp_284,InnovationTeam
emp_284,ProductTeam
emp_285,CoreDevTeam
emp_285,AIDevTeam
emp_286,AnalyticsTeam
emp_287,InnovationDevTeam
emp_288,CloudOpsTeam
emp_288,AnalyticsOpsTeam
emp_289,CoreTeam
emp_289,InnovationOpsTeam
emp_290,CloudTeam
emp_290,CloudTeam
emp_291,CoreDevTeam
emp_292,InfraTeam
emp_292,ProductOpsTeam
emp_293,AIResearchTeam
emp_294,InnovationOpsTeam
emp_295,AnalyticsOpsTeam
emp_296,DataOpsTeam
emp_296,InnovationOpsTeam
emp_297,AnalyticsTeam
emp_297,CoreDevTeam
emp_298,InfraDevTeam
emp_299,InfraOpsTeam
emp_299,CloudDevTeam
emp_300,InnovationDevTeam
emp_301,InfraResearchTeam
emp_302,CloudDevTeam
emp_302,AIOpsTeam
emp_303,CloudResearchTeam
emp_304,CloudResearchTeam
emp_305,CloudOpsTeam
emp_305,InfraTeam
emp_306,ProductTeam
emp_307,ProductResearchTeam
emp_308,CloudOpsTeam
emp_309,CoreOpsTeam
emp_309,AIResearchTeam
emp_310,CloudOpsTeam
emp_310,AnalyticsTeam
emp_311,CloudDevTeam
emp_312,CloudTeam
emp_313,AIDevTeam
emp_313,CoreOpsTeam
emp_314,CoreDevTeam
emp_314,CloudTeam
emp_315,CoreDevTeam
emp_316,ProductResearchTeam
emp_316,InfraOpsTeam
emp_317,CloudTeam
emp_318,CloudResearchTeam
emp_318,InnovationTeam
emp_319,AIOpsTeam
emp_320,DataOpsTeam
emp_321,ProductResearchTeam
emp_321,CoreDevTeam
emp_322,CloudResearchTeam
emp_322,InnovationDevTeam
emp_323,CoreDevTeam
emp_323,InnovationOpsTeam
emp_324,CloudOpsTeam
emp_325,AIDevTeam
emp_326,AIOpsTeam
emp_327,CoreOpsTeam
emp_327,CoreDevTeam
emp_328,InnovationTeam
emp_329,ProductOpsTeam
emp_330,CloudTeam
emp_330,InnovationResearchTeam
emp_331,CloudOpsTeam
emp_332,CloudTeam
emp_333,CloudResearchTeam
emp_334,AnalyticsDevTeam
emp_335,CloudTeam
emp_336,AIOpsTeam
emp_336,InfraResearchTeam
emp_337,InfraResearchTeam
emp_338,InfraResearchTeam
emp_338,InfraTeam
emp_339,InfraDevTeam
emp_340,AIResearchTeam
emp_341,ProductResearchTeam
emp_341,InfraDevTeam
emp_342,InfraDevTeam
emp_342,InnovationOpsTeam
emp_343,InfraOpsTeam
emp_343,DataOpsTeam
emp_344,InfraDevTeam
emp_344,CloudResearchTeam
emp_345,ProductOpsTeam
emp_346,InfraResearchTeam
emp_347,CoreTeam
emp_347,CoreTeam
emp_348,CloudTeam
emp_348,CoreOpsTeam
emp_349,InfraOpsTeam
emp_350,CoreDevTeam
emp_351,DataOpsTeam
emp_352,InnovationResearchTeam
emp_352,CloudOpsTeam
emp_353,CloudOpsTeam
emp_353,CoreDevTeam
emp_354,CoreDevTeam
emp_354,InfraResearchTeam
emp_355,InfraOpsTeam
emp_355,AIResearchTeam
emp_356,CloudTeam
emp_356,AIResearchTeam
emp_357,CloudTeam
emp_358,InnovationResearchTeam
emp_359,CoreResearchTeam
emp_359,CoreDevTeam
emp_360,InfraResearchTeam
emp_360,ProductTeam
emp_361,InnovationResearchTeam
emp_362,DataOpsTeam
emp_362,InnovationOpsTeam
emp_363,CloudTeam
emp_363,AIOpsTeam
emp_364,InnovationDevTeam
emp_365,ProductTeam
emp_366,CoreOpsTeam
emp_367,InnovationOpsTeam
emp_367,AIDevTeam
emp_368,CloudResearchTeam
emp_368,ProductTeam
emp_369,CloudTeam
emp_369,ProductResearchTeam
emp_370,AIDevTeam
emp_371,CoreResearchTeam
emp_371,InnovationTeam
emp_372,DataOpsTeam
emp_373,DataOpsTeam
emp_374,ProductTeam
emp_375,CloudResearchTeam
emp_375,InfraDevTeam
emp_376,AIResearchTeam
emp_377,AIResearchTeam
emp_378,CloudTeam
emp_378,ProductTeam
emp_379,AIResearchTeam
emp_380,AnalyticsResearchTeam
emp_381,CloudDevTeam
emp_381,InfraTeam
emp_382,CloudOpsTeam
emp_383,CloudResearchTeam
emp_383,ProductResearchTeam
emp_384,AIResearchTeam
emp_384,CoreOpsTeam
emp_385,CoreOpsTeam
emp_386,AIDevTeam
emp_386,CoreDevTeam
emp_387,CoreDevTeam
emp_388,CloudTeam
emp_388,InnovationResearchTeam
emp_389,InnovationTeam
emp_390,AnalyticsResearchTeam
emp_391,AnalyticsOpsTeam
emp_392,InfraResearchTeam
emp_392,InfraResearchTeam
emp_393,DataResearchTeam
emp_394,InfraResearchTeam
emp_395,InnovationResearchTeam
emp_396,AIResearchTeam
emp_397,InnovationDevTeam
emp_397,AIOpsTeam
emp_398,ProductTeam
emp_398,CloudTeam
emp_399,AIOpsTeam
emp_399,InnovationDevTeam
emp_400,AnalyticsDevTeam
emp_401,InnovationDevTeam
emp_402,ProductTeam
emp_403,AnalyticsOpsTeam
emp_403,AnalyticsTeam
emp_404,ProductTeam
emp_404,CloudDevTeam
emp_405,InnovationDevTeam
emp_406,CoreResearchTeam
emp_407,ProductResearchTeam
emp_407,InfraOpsTeam
emp_408,CoreResearchTeam
emp_409,InfraOpsTeam
emp_409,InfraDevTeam
emp_410,AnalyticsTeam
emp_410,InnovationOpsTeam
emp_411,InfraOpsTeam
emp_411,AnalyticsResearchTeam
emp_412,InfraDevTeam
emp_412,CoreResearchTeam
emp_413,AIDevTeam
emp_413,CloudDevTeam
emp_414,AnalyticsTeam
emp_414,ProductOpsTeam
emp_415,ProductTeam
emp_416,InfraTeam
emp_416,InfraDevTeam
emp_417,InfraTeam
emp_418,CloudDevTeam
emp_419,CoreDevTeam
emp_419,InfraResearchTeam
emp_420,AnalyticsDevTeam
emp_420,InfraDevTeam
emp_421,AnalyticsDevTeam
emp_422,InfraOpsTeam
emp_423,CloudOpsTeam
emp_423,ProductResearchTeam
emp_424,ProductResearchTeam
emp_424,AnalyticsOpsTeam
emp_425,DataTeam
emp_426,InnovationDevTeam
emp_426,InnovationTeam
emp_427,AITeam
emp_427,AnalyticsOpsTeam
emp_428,DataTeam
emp_428,InnovationOpsTeam
emp_429,InnovationResearchTeam
emp_429,CoreResearchTeam
emp_430,ProductOpsTeam
emp_430,AIResearchTeam
emp_431,AnalyticsOpsTeam
emp_432,CloudResearchTeam
emp_433,ProductTeam
emp_434,AnalyticsTeam
emp_434,ProductTeam
emp_435,CoreOpsTeam
emp_436,AnalyticsOpsTeam
emp_436,CloudResearchTeam
emp_437,InfraTeam
emp_437,DataResearchTeam
emp_438,InnovationResearchTeam
emp_439,InfraResearchTeam
emp_439,InnovationTeam
emp_440,CoreDevTeam
emp_440,CloudTeam
emp_441,DataOpsTeam
emp_441,InfraDevTeam
emp_442,CloudDevTeam
emp_443,InnovationOpsTeam
emp_443,DataOpsTeam
emp_444,DataOpsTeam
emp_444,InfraDevTeam
emp_445,InfraOpsTeam
emp_446,CoreDevTeam
emp_446,ProductResearchTeam
emp_447,InfraDevTeam
emp_447,InnovationResearchTeam
emp_448,CloudTeam
emp_448,ProductTeam
emp_449,AnalyticsTeam
emp_449,InfraResearchTeam
emp_450,ProductTeam
emp_451,CloudTeam
emp_452,CloudResearchTeam
emp_453,AITeam
emp_453,DataOpsTeam
emp_454,CoreResearchTeam
emp_454,InfraTeam
emp_455,CloudOpsTeam
emp_456,ProductOpsTeam
emp_456,InnovationResearchTeam
emp_457,AnalyticsOpsTeam
emp_457,AITeam
emp_458,InnovationTeam
emp_459,CoreResearchTeam
emp_460,InfraOpsTeam
emp_461,InfraResearchTeam
emp_462,CoreOpsTeam
emp_463,DataOpsTeam
emp_463,DataDevTeam
emp_464,InnovationTeam
emp_464,InnovationDevTeam
emp_465,InfraTeam
emp_465,InnovationTeam
emp_466,AITeam
emp_466,ProductTeam
emp_467,CloudResearchTeam
emp_468,InnovationTeam
emp_469,AIResearchTeam
emp_470,CoreTeam
emp_471,AnalyticsTeam
emp_471,ProductTeam
emp_472,InnovationOpsTeam
emp_472,AnalyticsOpsTeam
emp_473,AnalyticsDevTeam
emp_474,DataResearchTeam
emp_474,ProductTeam
emp_475,InnovationOpsTeam
emp_476,DataResearchTeam
emp_476,AIOpsTeam
emp_477,InnovationTeam
emp_477,CloudResearchTeam
emp_478,CoreResearchTeam
emp_479,AnalyticsOpsTeam
emp_479,CloudResearchTeam
emp_480,AITeam
emp_481,InfraOpsTeam
emp_482,InfraDevTeam
emp_483,InnovationOpsTeam
emp_483,AIOpsTeam
emp_484,InfraTeam
emp_485,InnovationOpsTeam
emp_485,AnalyticsResearchTeam
emp_486,InnovationTeam
emp_487,CoreTeam
emp_487,AIDevTeam
emp_488,InnovationDevTeam
emp_489,AnalyticsOpsTeam
emp_490,ProductOpsTeam
emp_490,AITeam
emp_491,InfraResearchTeam
emp_492,CloudOpsTeam
emp_492,InfraTeam
emp_493,CoreDevTeam
emp_494,AnalyticsResearchTeam
emp_494,CoreTeam
emp_495,ProductResearchTeam
emp_496,InfraDevTeam
emp_497,ProductResearchTeam
emp_498,DataOpsTeam
emp_498,DataOpsTeam
emp_499,AIDevTeam
emp_499,AITeam
emp_500,CloudDevTeam
emp_500,CloudResearchTeam
emp_501,CoreTeam
emp_502,CoreOpsTeam
emp_503,ProductResearchTeam
emp_504,AnalyticsTeam
emp_504,InnovationDevTeam
emp_505,AIOpsTeam
emp_506,CloudOpsTeam
emp_507,CoreDevTeam
emp_507,InfraTeam
emp_508,ProductTeam
emp_509,DataOpsTeam
emp_509,CoreDevTeam
emp_510,CloudTeam
emp_510,ProductResearchTeam
emp_511,AIResearchTeam
emp_512,InnovationOpsTeam
emp_513,CloudTeam
emp_514,DataResearchTeam
emp_514,DataOpsTeam
emp_515,CoreDevTeam
emp_515,ProductTeam
emp_516,InnovationTeam
emp_516,CoreOpsTeam
emp_517,AnalyticsDevTeam
emp_517,CloudOpsTeam
emp_518,AnalyticsOpsTeam
emp_519,InnovationDevTeam
emp_519,AIOpsTeam
emp_520,AnalyticsOpsTeam
emp_521,DataTeam
emp_522,CloudResearchTeam
emp_522,InfraResearchTeam
emp_523,DataOpsTeam
emp_523,ProductOpsTeam
emp_524,ProductDevTeam
emp_525,InnovationTeam
emp_526,CloudTeam
emp_527,DataOpsTeam
emp_527,AnalyticsResearchTeam
emp_528,CoreResearchTeam
emp_529,CloudDevTeam
emp_529,ProductTeam
emp_530,ProductOpsTeam
emp_530,InnovationResearchTeam
emp_531,CloudResearchTeam
emp_531,AnalyticsOpsTeam
emp_532,AnalyticsResearchTeam
emp_533,AIDevTeam
emp_533,ProductTeam
emp_534,CloudResearchTeam
emp_534,AITeam
emp_535,ProductTeam
emp_536,AITeam
emp_536,CoreResearchTeam
emp_537,InfraOpsTeam
emp_538,InfraResearchTeam
emp_538,DataOpsTeam
emp_539,CloudTeam
emp_539,InnovationResearchTeam
emp_540,AIResearchTeam
emp_541,AnalyticsTeam
emp_542,InnovationTeam
emp_542,ProductOpsTeam
emp_543,CloudOpsTeam
emp_544,AnalyticsResearchTeam
emp_544,ProductTeam
emp_545,AIOpsTeam
emp_546,InnovationOpsTeam
emp_546,AnalyticsResearchTeam
emp_547,CloudTeam
emp_547,CloudOpsTeam
emp_548,DataResearchTeam
emp_549,DataOpsTeam
emp_549,CloudDevTeam
emp_550,AnalyticsResearchTeam
emp_550,InfraDevTeam
emp_551,AIDevTeam
emp_551,AnalyticsTeam
emp_552,InfraDevTeam
emp_552,InnovationDevTeam
emp_553,InfraTeam
emp_553,ProductDevTeam
emp_554,CoreResearchTeam
emp_554,InnovationResearchTeam
emp_555,CoreTeam
emp_556,ProductTeam
emp_556,DataOpsTeam
emp_557,ProductTeam
emp_558,CoreOpsTeam
emp_558,ProductResearchTeam
emp_559,InfraOpsTeam
emp_559,ProductResearchTeam
emp_560,InnovationResearchTeam
emp_561,InnovationOpsTeam
emp_561,CloudResearchTeam
emp_562,CloudOpsTeam
emp_563,AIDevTeam
emp_563,InfraDevTeam
emp_564,InfraDevTeam
emp_565,InfraOpsTeam
emp_566,CloudTeam
emp_566,DataOpsTeam
emp_567,CoreTeam
emp_568,DataOpsTeam
emp_568,InnovationDevTeam
emp_569,CloudResearchTeam
emp_570,CoreResearchTeam
emp_571,CloudResearchTeam
emp_572,CoreResearchTeam
emp_573,AITeam
emp_574,AnalyticsDevTeam
emp_575,AnalyticsTeam
emp_576,AIDevTeam
emp_577,InfraOpsTeam
emp_578,InnovationOpsTeam
emp_579,InfraTeam
emp_580,InfraTeam
emp_580,InfraOpsTeam
emp_581,AnalyticsDevTeam
emp_581,InfraTeam
emp_582,CloudOpsTeam
emp_583,InfraDevTeam
emp_584,CoreDevTeam
emp_584,InnovationTeam
emp_585,InfraDevTeam
emp_586,AnalyticsOpsTeam
emp_586,ProductOpsTeam
emp_587,InnovationDevTeam
emp_587,InfraResearchTeam
emp_588,CloudResearchTeam
emp_589,ProductOpsTeam
emp_589,AnalyticsOpsTeam
emp_590,CloudResearchTeam
emp_590,InfraDevTeam
emp_591,DataTeam
emp_592,InnovationDevTeam
emp_593,InnovationOpsTeam
emp_593,ProductOpsTeam
emp_594,DataOpsTeam
emp_594,ProductDevTeam
emp_595,InfraTeam
emp_595,InfraDevTeam
emp_596,DataOpsTeam
emp_597,ProductOpsTeam
emp_597,InfraTeam
emp_598,CloudDevTeam
emp_599,InnovationDevTeam
emp_600,AIOpsTeam
emp_601,CloudOpsTeam
emp_601,CoreDevTeam
emp_602,CloudOpsTeam
emp_602,AnalyticsDevTeam
emp_603,InfraDevTeam
emp_604,AIResearchTeam
emp_605,ProductTeam
emp_606,CloudResearchTeam
emp_606,AITeam
emp_607,InnovationTeam
emp_607,CloudResearchTeam
emp_608,InfraResearchTeam
emp_608,InnovationResearchTeam
emp_609,AIDevTeam
emp_609,InnovationOpsTeam
emp_610,InfraOpsTeam
emp_611,DataOpsTeam
emp_611,AnalyticsResearchTeam
emp_612,InnovationResearchTeam
emp_613,ProductTeam
emp_614,ProductOpsTeam
emp_614,ProductDevTeam
emp_615,InfraResearchTeam
emp_616,CoreDevTeam
emp_616,AnalyticsResearchTeam
emp_617,CoreOpsTeam
emp_618,CloudOpsTeam
emp_619,InfraResearchTeam
emp_619,CloudResearchTeam
emp_620,AnalyticsOpsTeam
emp_620,InnovationOpsTeam
emp_621,AnalyticsTeam
emp_622,AnalyticsResearchTeam
emp_622,InnovationDevTeam
emp_623,CloudDevTeam
emp_623,AITeam
emp_624,CoreDevTeam
emp_624,AIResearchTeam
emp_625,DataTeam
emp_625,CloudTeam
emp_626,InnovationOpsTeam
emp_626,InfraOpsTeam
emp_627,AIOpsTeam
emp_628,CoreResearchTeam
emp_628,AIDevTeam
emp_629,InfraOpsTeam
emp_630,ProductTeam
emp_631,InfraResearchTeam
emp_631,InnovationResearchTeam
emp_632,AIDevTeam
emp_633,InfraTeam
emp_634,InnovationOpsTeam
emp_635,CoreOpsTeam
emp_636,InfraTeam
emp_636,ProductTeam
emp_637,CloudOpsTeam
emp_638,CloudOpsTeam
emp_639,DataResearchTeam
emp_640,InfraResearchTeam
emp_641,AnalyticsOpsTeam
emp_641,InfraDevTeam
emp_642,CoreDevTeam
emp_643,CoreResearchTeam
emp_644,CoreResearchTeam
emp_645,CloudResearchTeam
emp_645,InfraTeam
emp_646,CloudTeam
emp_646,AIDevTeam
emp_647,InfraDevTeam
emp_647,ProductTeam
emp_648,InfraResearchTeam
emp_649,CloudResearchTeam
emp_649,InnovationOpsTeam
emp_650,InfraDevTeam
emp_651,CoreResearchTeam
emp_652,CoreOpsTeam
emp_652,InfraDevTeam
emp_653,InnovationResearchTeam
emp_654,AnalyticsTeam
emp_655,AnalyticsOpsTeam
emp_656,AIDevTeam
emp_657,CoreResearchTeam
emp_658,CloudTeam
emp_658,AIOpsTeam
emp_659,AITeam
emp_659,CloudOpsTeam
emp_660,InfraTeam
emp_660,AITeam
emp_661,AnalyticsResearchTeam
emp_661,CloudOpsTeam
emp_662,CloudDevTeam
emp_662,CoreDevTeam
emp_663,InfraOpsTeam
emp_663,CoreTeam
emp_664,ProductOpsTeam
emp_664,AIOpsTeam
emp_665,CloudOpsTeam
emp_665,AnalyticsTeam
emp_666,CloudResearchTeam
emp_666,CoreOpsTeam
emp_667,AnalyticsDevTeam
emp_668,InfraDevTeam
emp_669,InfraDevTeam
emp_670,InnovationOpsTeam
emp_671,AnalyticsOpsTeam
emp_671,ProductTeam
emp_672,InnovationResearchTeam
emp_673,CloudOpsTeam
emp_673,DataDevTeam
emp_674,AIOpsTeam
emp_674,CoreDevTeam
emp_675,CloudOpsTeam
emp_676,CloudResearchTeam
emp_676,CloudTeam
emp_677,ProductOpsTeam
emp_678,ProductTeam
emp_679,CloudDevTeam
emp_680,InfraOpsTeam
emp_681,CoreDevTeam
emp_681,CloudOpsTeam
emp_682,InnovationTeam
emp_683,InfraTeam
emp_683,ProductTeam
emp_684,InnovationResearchTeam
emp_684,DataResearchTeam
emp_685,InfraDevTeam
emp_685,AnalyticsResearchTeam
emp_686,InnovationTeam
emp_686,CoreDevTeam
emp_687,CoreResearchTeam
emp_688,InnovationOpsTeam
emp_688,AnalyticsOpsTeam
emp_689,InnovationDevTeam
emp_690,AIDevTeam
emp_691,CoreResearchTeam
emp_692,InfraOpsTeam
emp_692,AIDevTeam
emp_693,InnovationTeam
emp_693,InfraOpsTeam
emp_694,ProductTeam
emp_694,InfraDevTeam
emp_695,ProductResearchTeam
emp_696,CoreResearchTeam
emp_697,AnalyticsDevTeam
emp_698,DataOpsTeam
emp_698,InnovationResearchTeam
emp_699,DataOpsTeam
emp_700,CloudTeam
emp_700,AIDevTeam
emp_701,DataOpsTeam
emp_702,InfraDevTeam
emp_703,InnovationTeam
emp_704,InfraTeam
emp_704,ProductResearchTeam
emp_705,CloudOpsTeam
emp_705,InfraDevTeam
emp_706,AnalyticsOpsTeam
emp_707,CloudResearchTeam
emp_708,InnovationOpsTeam
emp_708,DataOpsTeam
emp_709,AIDevTeam
emp_709,CoreDevTeam
emp_710,AITeam
emp_710,CloudResearchTeam
emp_711,InnovationResearchTeam
emp_711,ProductResearchTeam
emp_712,AITeam
emp_713,InfraDevTeam
emp_713,AnalyticsTeam
emp_714,InfraTeam
emp_715,InfraDevTeam
emp_716,AIDevTeam
emp_716,InnovationTeam
emp_717,ProductDevTeam
emp_717,CloudResearchTeam
emp_718,AIDevTeam
emp_718,AIOpsTeam
emp_719,AnalyticsOpsTeam
emp_719,DataOpsTeam
emp_720,AIResearchTeam
emp_720,AIDevTeam
emp_721,CloudOpsTeam
emp_721,AnalyticsDevTeam
emp_722,CloudTeam
emp_723,InfraDevTeam
emp_724,AnalyticsTeam
emp_724,DataResearchTeam
emp_725,CloudResearchTeam
emp_725,InnovationTeam
emp_726,DataOpsTeam
emp_726,AnalyticsOpsTeam
emp_727,ProductResearchTeam
emp_727,InfraTeam
emp_728,InnovationResearchTeam
emp_728,InfraTeam
emp_729,CoreResearchTeam
emp_730,ProductDevTeam
emp_731,AITeam
emp_732,InfraDevTeam
emp_733,ProductTeam
emp_734,CoreDevTeam
emp_734,InfraDevTeam
emp_735,InnovationResearchTeam
emp_735,CloudResearchTeam
emp_736,AIResearchTeam
emp_737,InnovationDevTeam
emp_738,InfraDevTeam
emp_739,InfraDevTeam
emp_739,CoreTeam
emp_740,InfraTeam
emp_741,AnalyticsResearchTeam
emp_741,ProductTeam
emp_742,CloudOpsTeam
emp_743,CloudResearchTeam
emp_744,CloudResearchTeam
emp_744,CloudTeam
emp_745,CoreOpsTeam
emp_745,CloudDevTeam
emp_746,InfraTeam
emp_746,CoreDevTeam
emp_747,InfraDevTeam
emp_748,InnovationResearchTeam
emp_748,DataOpsTeam
emp_749,ProductTeam
emp_749,CloudOpsTeam
emp_750,CoreResearchTeam
emp_750,CloudResearchTeam
emp_751,AnalyticsTeam
emp_752,InfraDevTeam
emp_753,InnovationOpsTeam
emp_753,InnovationDevTeam
emp_754,ProductTeam
emp_754,InfraDevTeam
emp_755,InfraOpsTeam
emp_755,ProductTeam
emp_756,InnovationResearchTeam
emp_757,CoreDevTeam
emp_758,AnalyticsTeam
emp_759,DataOpsTeam
emp_760,CoreDevTeam
emp_761,CoreDevTeam
emp_762,CloudTeam
emp_762,CloudResearchTeam
emp_763,AnalyticsResearchTeam
emp_763,InfraDevTeam
emp_764,CloudOpsTeam
emp_765,CloudDevTeam
emp_766,ProductOpsTeam
emp_767,InnovationTeam
emp_768,DataOpsTeam
emp_768,InnovationTeam
emp_769,ProductTeam
emp_769,InnovationResearchTeam
emp_770,InnovationOpsTeam
emp_770,AnalyticsResearchTeam
emp_771,InnovationTeam
emp_771,AnalyticsResearchTeam
emp_772,InfraDevTeam
emp_773,DataTeam
emp_773,CoreOpsTeam
emp_774,ProductTeam
emp_774,AIOpsTeam
emp_775,CloudOpsTeam
emp_776,ProductTeam
emp_776,InfraDevTeam
emp_777,DataOpsTeam
emp_778,AnalyticsOpsTeam
emp_778,CloudResearchTeam
emp_779,AnalyticsDevTeam
emp_779,AIOpsTeam
emp_780,AnalyticsResearchTeam
emp_781,CloudTeam
emp_781,CoreDevTeam
emp_782,DataOpsTeam
emp_783,AIOpsTeam
emp_783,InfraTeam
emp_784,InnovationOpsTeam
emp_785,InfraOpsTeam
emp_785,CloudOpsTeam
emp_786,InfraOpsTeam
emp_787,AnalyticsDevTeam
emp_788,CoreDevTeam
emp_789,InfraDevTeam
emp_789,ProductResearchTeam
emp_790,AnalyticsDevTeam
emp_790,CoreDevTeam
emp_791,InnovationDevTeam
emp_792,CoreTeam
emp_793,CloudTeam
emp_793,DataOpsTeam
emp_794,CloudDevTeam
emp_794,DataOpsTeam
emp_795,CoreResearchTeam
emp_796,InnovationOpsTeam
emp_796,CloudTeam
emp_797,InfraTeam
emp_797,DataOpsTeam
emp_798,CoreResearchTeam
emp_799,CloudOpsTeam
emp_799,AIDevTeam
emp_800,InfraDevTeam
emp_801,InfraTeam
emp_801,CloudOpsTeam
emp_802,InnovationDevTeam
emp_802,AIResearchTeam
emp_803,InfraOpsTeam
emp_804,AnalyticsDevTeam
emp_805,InfraTeam
emp_805,AnalyticsTeam
emp_806,CloudResearchTeam
emp_806,AnalyticsDevTeam
emp_807,InfraOpsTeam
emp_807,InfraDevTeam
emp_808,DataOpsTeam
emp_808,ProductResearchTeam
emp_809,CoreOpsTeam
emp_809,InfraDevTeam
emp_810,AIDevTeam
emp_810,InnovationDevTeam
emp_811,InnovationDevTeam
emp_812,CloudTeam
emp_812,AnalyticsResearchTeam
emp_813,DataOpsTeam
emp_814,InfraOpsTeam
emp_814,InnovationOpsTeam
emp_815,DataOpsTeam
emp_816,CloudResearchTeam
emp_816,CloudResearchTeam
emp_817,InnovationDevTeam
emp_818,DataTeam
emp_819,AITeam
emp_820,CloudTeam
emp_821,AIOpsTeam
emp_822,DataTeam
emp_823,CoreResearchTeam
emp_823,ProductResearchTeam
emp_824,CloudTeam
emp_825,CloudResearchTeam
emp_826,AIDevTeam
emp_827,InnovationResearchTeam
emp_827,AITeam
emp_828,AIDevTeam
emp_829,AIDevTeam
emp_829,InfraDevTeam
emp_830,AIDevTeam
emp_831,AIDevTeam
emp_832,CoreOpsTeam
emp_833,CoreDevTeam
emp_834,ProductOpsTeam
emp_834,CoreOpsTeam
emp_835,ProductResearchTeam
emp_836,CloudResearchTeam
emp_837,InfraDevTeam
emp_838,InfraOpsTeam
emp_838,InnovationDevTeam
emp_839,ProductResearchTeam
emp_839,CloudTeam
emp_840,DataOpsTeam
emp_840,ProductResearchTeam
emp_841,CloudTeam
emp_842,InfraResearchTeam
emp_842,CloudOpsTeam
emp_843,CoreResearchTeam
emp_844,InfraTeam
emp_845,CoreTeam
emp_845,InnovationResearchTeam
emp_846,CloudOpsTeam
emp_847,AnalyticsResearchTeam
emp_848,AIDevTeam
emp_849,ProductOpsTeam
emp_849,InfraTeam
emp_850,InnovationTeam
emp_851,InnovationDevTeam
emp_851,InnovationOpsTeam
emp_852,CoreDevTeam
emp_853,ProductResearchTeam
emp_853,ProductTeam
emp_854,InfraDevTeam
emp_854,CoreResearchTeam
emp_855,InfraDevTeam
emp_856,AIResearchTeam
emp_856,AIResearchTeam
emp_857,CloudResearchTeam
emp_858,CloudTeam
emp_858,CoreDevTeam
emp_859,CloudResearchTeam
emp_859,ProductTeam
emp_860,CloudResearchTeam
emp_861,AIDevTeam
emp_862,CoreResearchTeam
emp_862,CoreDevTeam
emp_863,AIResearchTeam
emp_863,InfraResearchTeam
emp_864,InfraDevTeam
emp_864,CoreResearchTeam
emp_865,CoreDevTeam
emp_865,InnovationDevTeam
emp_866,InnovationDevTeam
emp_866,CoreOpsTeam
emp_867,InnovationTeam
emp_868,ProductResearchTeam
emp_869,AnalyticsOpsTeam
emp_869,AIDevTeam
emp_870,InfraTeam
emp_870,InnovationResearchTeam
emp_871,InnovationOpsTeam
emp_871,InnovationDevTeam
emp_872,AITeam
emp_873,ProductTeam
emp_874,CloudResearchTeam
emp_875,CoreResearchTeam
emp_875,InfraTeam
emp_876,AIDevTeam
emp_876,CloudDevTeam
emp_877,CloudOpsTeam
emp_878,InnovationDevTeam
emp_879,CloudTeam
emp_879,AIDevTeam
emp_880,ProductResearchTeam
emp_881,CloudOpsTeam
emp_882,ProductTeam
emp_883,InfraDevTeam
emp_884,AnalyticsResearchTeam
emp_884,InfraDevTeam
emp_885,ProductOpsTeam
emp_885,AnalyticsDevTeam
emp_886,AnalyticsOpsTeam
emp_887,InfraDevTeam
emp_888,AIOpsTeam
emp_888,InfraDevTeam
emp_889,InfraOpsTeam
emp_890,AIResearchTeam
emp_891,AIOpsTeam
emp_892,CoreDevTeam
emp_893,InfraDevTeam
emp_893,InnovationResearchTeam
emp_894,DataTeam
emp_895,DataOpsTeam
emp_896,InfraOpsTeam
emp_896,ProductTeam
emp_897,AIOpsTeam
emp_898,InnovationResearchTeam
emp_899,CloudTeam
emp_899,InfraResearchTeam
emp_900,ProductDevTeam
emp_900,CoreDevTeam
emp_901,CloudDevTeam
emp_901,ProductOpsTeam
emp_902,InfraOpsTeam
emp_903,DataResearchTeam
emp_903,AIOpsTeam
emp_904,DataOpsTeam
emp_904,CloudTeam
emp_905,InnovationOpsTeam
emp_905,InnovationResearchTeam
emp_906,InnovationResearchTeam
emp_906,AIResearchTeam
emp_907,DataResearchTeam
emp_907,InfraTeam
emp_908,CloudTeam
emp_909,InfraDevTeam
emp_909,AIDevTeam
emp_910,InfraDevTeam
emp_910,DataOpsTeam
emp_911,AnalyticsTeam
emp_911,ProductTeam
emp_912,AIOpsTeam
emp_912,InfraResearchTeam
emp_913,InnovationDevTeam
emp_914,InnovationResearchTeam
emp_915,InnovationDevTeam
emp_915,DataOpsTeam
emp_916,ProductResearchTeam
emp_916,AnalyticsOpsTeam
emp_917,InnovationDevTeam
emp_917,CloudResearchTeam
emp_918,AnalyticsDevTeam
emp_918,InfraDevTeam
emp_919,InnovationDevTeam
emp_920,ProductOpsTeam
emp_920,InnovationResearchTeam
emp_921,AnalyticsResearchTeam
emp_921,AIOpsTeam
emp_922,AnalyticsResearchTeam
emp_922,CloudResearchTeam
emp_923,InnovationResearchTeam
emp_924,InnovationResearchTeam
emp_924,CoreOpsTeam
emp_925,ProductDevTeam
emp_926,InfraOpsTeam
emp_926,AnalyticsTeam
emp_927,InnovationTeam
emp_927,CloudResearchTeam
emp_928,CloudTeam
emp_928,InfraOpsTeam
emp_929,InfraDevTeam
emp_930,InfraOpsTeam
emp_931,InnovationDevTeam
emp_931,AIOpsTeam
emp_932,CloudOpsTeam
emp_933,InfraOpsTeam
emp_933,InnovationOpsTeam
emp_934,InfraDevTeam
emp_935,CoreResearchTeam
emp_936,InnovationResearchTeam
emp_936,CloudTeam
emp_937,InfraTeam
emp_937,InnovationResearchTeam
emp_938,CoreResearchTeam
emp_939,ProductResearchTeam
emp_940,InfraDevTeam
emp_940,InfraDevTeam
emp_941,DataOpsTeam
emp_942,AIOpsTeam
emp_943,ProductResearchTeam
emp_944,CloudTeam
emp_944,CoreTeam
emp_945,ProductTeam
emp_946,InfraResearchTeam
emp_947,InfraOpsTeam
emp_947,InfraDevTeam
emp_948,AnalyticsOpsTeam
emp_949,InfraDevTeam
emp_950,CloudTeam
emp_951,DataOpsTeam
emp_952,CloudTeam
emp_953,AnalyticsDevTeam
emp_954,AITeam
emp_955,AnalyticsResearchTeam
emp_955,InfraOpsTeam
emp_956,InfraDevTeam
emp_956,InfraOpsTeam
emp_957,CloudOpsTeam
emp_958,InnovationResearchTeam
emp_959,InfraOpsTeam
emp_960,InfraOpsTeam
emp_960,InfraTeam
emp_961,ProductResearchTeam
emp_961,AIOpsTeam
emp_962,CoreDevTeam
emp_962,ProductOpsTeam
emp_963,AnalyticsResearchTeam
emp_963,CoreResearchTeam
emp_964,CloudOpsTeam
emp_964,CoreTeam
emp_965,AIDevTeam
emp_965,InnovationOpsTeam
emp_966,InfraOpsTeam
emp_967,InfraTeam
emp_967,InfraOpsTeam
emp_968,CloudDevTeam
emp_968,InfraOpsTeam
emp_969,CloudDevTeam
emp_969,InfraTeam
emp_970,InfraDevTeam
emp_971,InfraTeam
emp_971,AnalyticsDevTeam
emp_972,CloudResearchTeam
emp_973,InnovationResearchTeam
emp_973,CoreDevTeam
emp_974,DataOpsTeam
emp_974,CloudResearchTeam
emp_975,AIResearchTeam
emp_975,AnalyticsResearchTeam
emp_976,CloudDevTeam
emp_977,CoreResearchTeam
emp_977,AITeam
emp_978,InnovationDevTeam
emp_978,InfraOpsTeam
emp_979,CoreResearchTeam
emp_980,AnalyticsDevTeam
emp_981,AnalyticsOpsTeam
emp_982,ProductTeam
emp_983,CoreResearchTeam
emp_983,InfraDevTeam
emp_984,InfraResearchTeam
emp_984,CoreDevTeam
emp_985,ProductTeam
emp_986,AnalyticsDevTeam
emp_987,InfraTeam
emp_988,ProductDevTeam
emp_988,InnovationOpsTeam
emp_989,CloudOpsTeam
emp_990,AIDevTeam
emp_990,CloudTeam
emp_991,CloudTeam
emp_992,CoreOpsTeam
emp_992,InnovationResearchTeam
emp_993,InfraDevTeam
emp_994,InfraTeam
emp_994,InnovationResearchTeam
emp_995,InfraOpsTeam
emp_996,AIOpsTeam
emp_997,InfraDevTeam
emp_998,InfraOpsTeam
emp_998,InnovationTeam
emp_999,CloudResearchTeam
emp_999,InfraTeam
emp_1000,AITeam
emp_1001,InnovationOpsTeam
emp_1002,ProductResearchTeam
emp_1002,AITeam
emp_1003,DataTeam
emp_1003,CoreDevTeam
emp_1004,CloudDevTeam
emp_1005,InfraOpsTeam
emp_1006,CoreResearchTeam
emp_1007,InnovationDevTeam
emp_1008,AnalyticsTeam
emp_1008,InnovationResearchTeam
emp_1009,InfraTeam
emp_1009,InnovationOpsTeam
emp_1010,DataTeam
emp_1010,InnovationResearchTeam
emp_1011,CloudTeam
emp_1011,ProductOpsTeam
emp_1012,InnovationTeam
emp_1013,ProductResearchTeam
emp_1014,InfraDevTeam
emp_1015,InfraTeam
emp_1016,DataOpsTeam
emp_1017,ProductOpsTeam
emp_1018,DataTeam
emp_1019,InnovationTeam
emp_1019,DataOpsTeam
emp_1020,AIOpsTeam
emp_1020,InfraDevTeam
emp_1021,CloudTeam
emp_1021,InfraResearchTeam
emp_1022,InfraOpsTeam
emp_1023,ProductResearchTeam
emp_1023,ProductOpsTeam
emp_1024,InfraDevTeam
emp_1025,AnalyticsResearchTeam
emp_1026,InfraDevTeam
emp_1027,InfraResearchTeam
emp_1028,AnalyticsOpsTeam
emp_1029,InnovationResearchTeam
emp_1030,InfraDevTeam
emp_1030,CloudOpsTeam
emp_1031,AIDevTeam
emp_1032,InfraDevTeam
emp_1032,ProductTeam
emp_1033,CloudTeam
emp_1034,ProductTeam
emp_1034,ProductDevTeam
emp_1035,AnalyticsOpsTeam
emp_1035,InnovationDevTeam
emp_1036,InfraTeam
emp_1037,InnovationTeam
emp_1037,InfraResearchTeam
emp_1038,AnalyticsResearchTeam
emp_1039,InfraDevTeam
emp_1040,AITeam
emp_1041,ProductResearchTeam
emp_1042,InfraTeam
emp_1042,AIDevTeam
emp_1043,ProductOpsTeam
emp_1044,AIResearchTeam
emp_1045,CoreOpsTeam
emp_1046,InfraDevTeam
emp_1047,InnovationTeam
emp_1047,AnalyticsOpsTeam
emp_1048,AITeam
emp_1048,InnovationDevTeam
emp_1049,ProductOpsTeam
emp_1049,CloudOpsTeam
emp_1050,ProductOpsTeam
emp_1050,AITeam
emp_1051,InfraResearchTeam
emp_1051,InfraOpsTeam
emp_1052,DataOpsTeam
emp_1052,InnovationResearchTeam
emp_1053,CloudOpsTeam
emp_1053,CoreOpsTeam
emp_1054,CloudTeam
emp_1054,InnovationResearchTeam
emp_1055,ProductDevTeam
emp_1056,InfraDevTeam
emp_1056,AIDevTeam
emp_1057,InnovationOpsTeam
emp_1057,InnovationOpsTeam
emp_1058,CoreResearchTeam
emp_1058,CloudOpsTeam
emp_1059,DataOpsTeam
emp_1060,AnalyticsTeam
emp_1061,AITeam
emp_1061,AIResearchTeam
emp_1062,AIDevTeam
emp_1063,InnovationDevTeam
emp_1063,InnovationResearchTeam
emp_1064,InfraDevTeam
emp_1065,CloudResearchTeam
emp_1066,ProductTeam
emp_1066,DataOpsTeam
emp_1067,ProductDevTeam
emp_1068,DataOpsTeam
emp_1068,CloudOpsTeam
emp_1069,InfraOpsTeam
emp_1069,CoreOpsTeam
emp_1070,ProductTeam
emp_1070,ProductOpsTeam
emp_1071,AnalyticsTeam
emp_1071,CoreResearchTeam
emp_1072,InfraOpsTeam
emp_1072,CloudResearchTeam
emp_1073,AIDevTeam
emp_1073,AIDevTeam
emp_1074,InfraOpsTeam
emp_1074,InnovationDevTeam
emp_1075,AnalyticsTeam
emp_1075,CoreDevTeam
emp_1076,CloudResearchTeam
emp_1077,AnalyticsDevTeam
emp_1078,CoreResearchTeam
emp_1079,InfraTeam
emp_1079,ProductResearchTeam
emp_1080,InnovationDevTeam
emp_1080,AIDevTeam
emp_1081,AIResearchTeam
emp_1082,CloudTeam
emp_1082,CloudOpsTeam
emp_1083,InfraResearchTeam
emp_1084,CoreDevTeam
emp_1085,InfraResearchTeam
emp_1086,CloudResearchTeam
emp_1087,InfraResearchTeam
emp_1088,AnalyticsOpsTeam
emp_1089,AIOpsTeam
emp_1090,InnovationResearchTeam
emp_1090,InfraDevTeam
emp_1091,InfraDevTeam
emp_1092,DataDevTeam
emp_1092,InnovationResearchTeam
emp_1093,InnovationDevTeam
emp_1093,InnovationOpsTeam
emp_1094,CloudOpsTeam
emp_1094,ProductOpsTeam
emp_1095,InnovationOpsTeam
emp_1095,CloudOpsTeam
emp_1096,AITeam
emp_1097,ProductTeam
emp_1097,AnalyticsTeam
emp_1098,InnovationResearchTeam
emp_1098,ProductTeam
emp_1099,DataResearchTeam
emp_1100,CoreDevTeam
emp_1101,ProductTeam
emp_1101,CoreResearchTeam
emp_1102,InnovationOpsTeam
emp_1102,InfraTeam
emp_1103,AITeam
emp_1104,InnovationTeam
emp_1104,InnovationTeam
emp_1105,CoreResearchTeam
emp_1105,AITeam
emp_1106,InnovationOpsTeam
emp_1107,InfraTeam
emp_1107,InfraResearchTeam
emp_1108,ProductTeam
emp_1108,InfraOpsTeam
emp_1109,InnovationResearchTeam
emp_1109,InnovationOpsTeam
emp_1110,CoreResearchTeam
emp_1111,ProductDevTeam
emp_1112,CloudTeam
emp_1113,CloudOpsTeam
emp_1114,InfraTeam
emp_1115,CloudTeam
emp_1115,InfraTeam
emp_1116,CoreOpsTeam
emp_1117,InnovationTeam
emp_1118,AIDevTeam
emp_1119,CoreResearchTeam
emp_1120,InfraTeam
emp_1120,InnovationResearchTeam
emp_1121,InfraOpsTeam
emp_1122,CloudTeam
emp_1123,DataOpsTeam
emp_1124,DataDevTeam
emp_1125,AnalyticsOpsTeam
emp_1126,InnovationResearchTeam
emp_1126,CloudTeam
emp_1127,CoreDevTeam
emp_1127,ProductTeam
emp_1128,InfraOpsTeam
emp_1129,DataResearchTeam
emp_1129,AIDevTeam
emp_1130,InfraDevTeam
emp_1130,ProductOpsTeam
emp_1131,DataTeam
emp_1131,AITeam
emp_1132,InfraOpsTeam
emp_1133,AITeam
emp_1134,ProductOpsTeam
emp_1135,InfraResearchTeam
emp_1135,DataOpsTeam
emp_1136,AIDevTeam
emp_1136,ProductResearchTeam
emp_1137,InfraTeam
emp_1137,AIOpsTeam
emp_1138,ProductTeam
emp_1138,InfraDevTeam
emp_1139,CloudResearchTeam
emp_1139,InnovationTeam
emp_1140,CoreDevTeam
emp_1141,AITeam
emp_1141,AnalyticsResearchTeam
emp_1142,InnovationOpsTeam
emp_1142,InnovationOpsTeam
emp_1143,InfraOpsTeam
emp_1143,CloudTeam
emp_1144,ProductOpsTeam
emp_1145,CloudTeam
emp_1146,InfraDevTeam
emp_1146,CloudOpsTeam
emp_1147,CloudTeam
emp_1148,AnalyticsOpsTeam
emp_1148,CloudDevTeam
emp_1149,CoreTeam
emp_1149,CloudTeam
emp_1150,InnovationTeam
emp_1150,CloudOpsTeam
emp_1151,InfraDevTeam
emp_1151,CloudOpsTeam
emp_1152,InfraTeam
emp_1153,InfraDevTeam
emp_1154,InfraOpsTeam
emp_1154,CloudDevTeam
emp_1155,CloudTeam
emp_1155,AnalyticsTeam
emp_1156,DataTeam
emp_1156,InfraDevTeam
emp_1157,InnovationResearchTeam
emp_1157,InnovationTeam
emp_1158,InnovationResearchTeam
emp_1158,InnovationOpsTeam
emp_1159,CloudResearchTeam
emp_1160,DataResearchTeam
emp_1161,ProductResearchTeam
emp_1161,InnovationTeam
emp_1162,AnalyticsTeam
emp_1162,AIDevTeam
emp_1163,InnovationTeam
emp_1164,DataOpsTeam
emp_1165,ProductTeam
emp_1166,ProductTeam
emp_1166,DataOpsTeam
emp_1167,CloudResearchTeam
emp_1168,CoreDevTeam
emp_1168,ProductOpsTeam
emp_1169,InnovationOpsTeam
emp_1169,InfraOpsTeam
emp_1170,AnalyticsResearchTeam
emp_1171,ProductTeam
emp_1172,DataOpsTeam
emp_1172,AnalyticsOpsTeam
emp_1173,DataOpsTeam
emp_1173,InnovationResearchTeam
emp_1174,ProductOpsTeam
emp_1174,AnalyticsDevTeam
emp_1175,CloudResearchTeam
emp_1176,InfraOpsTeam
emp_1177,CloudResearchTeam
emp_1178,CloudDevTeam
emp_1179,InnovationOpsTeam
emp_1179,AnalyticsResearchTeam
emp_1180,ProductTeam
emp_1180,ProductTeam
emp_1181,CoreDevTeam
emp_1182,DataOpsTeam
emp_1183,InnovationOpsTeam
emp_1183,DataTeam
emp_1184,InnovationResearchTeam
emp_1184,InfraResearchTeam
emp_1185,AIResearchTeam
emp_1185,InfraDevTeam
emp_1186,InfraDevTeam
emp_1186,AnalyticsDevTeam
emp_1187,AIResearchTeam
emp_1188,InfraDevTeam
emp_1188,DataOpsTeam
emp_1189,CoreResearchTeam
emp_1189,InnovationResearchTeam
emp_1190,InnovationTeam
emp_1191,AIOpsTeam
emp_1192,DataTeam
emp_1193,InfraDevTeam
emp_1194,CloudOpsTeam
emp_1195,InnovationDevTeam
emp_1195,ProductResearchTeam
emp_1196,CloudDevTeam
emp_1197,DataOpsTeam
emp_1198,InfraDevTeam
emp_1199,CloudOpsTeam
emp_1200,InfraTeam
emp_1200,InfraDevTeam
emp_1201,CloudResearchTeam
emp_1202,CloudResearchTeam
emp_1203,InfraOpsTeam
emp_1203,CloudResearchTeam
emp_1204,CloudResearchTeam
emp_1205,DataDevTeam
emp_1205,InfraResearchTeam
emp_1206,CoreResearchTeam
emp_1206,InnovationTeam
emp_1207,DataResearchTeam
emp_1207,ProductTeam
emp_1208,ProductTeam
emp_1208,InfraDevTeam
emp_1209,AIDevTeam
emp_1209,CloudTeam
emp_1210,AnalyticsResearchTeam
emp_1211,CloudResearchTeam
emp_1211,InfraDevTeam
emp_1212,InfraResearchTeam
emp_1212,DataOpsTeam
emp_1213,InfraOpsTeam
emp_1213,ProductTeam
emp_1214,InfraOpsTeam
emp_1215,CloudDevTeam
emp_1216,ProductResearchTeam
emp_1217,ProductResearchTeam
emp_1217,AnalyticsDevTeam
emp_1218,AnalyticsOpsTeam
emp_1219,InfraTeam
emp_1220,ProductResearchTeam
emp_1220,CloudTeam
emp_1221,CloudTeam
emp_1222,CloudTeam
emp_1223,CloudTeam
emp_1224,InfraOpsTeam
emp_1224,CoreDevTeam
emp_1225,DataResearchTeam
emp_1226,DataTeam
emp_1226,InfraDevTeam
emp_1227,ProductTeam
emp_1227,InnovationTeam
emp_1228,AIResearchTeam
emp_1228,InnovationTeam
emp_1229,InfraTeam
emp_1229,AnalyticsResearchTeam
emp_1230,InfraDevTeam
emp_1230,CoreOpsTeam
emp_1231,InnovationOpsTeam
emp_1231,ProductTeam
emp_1232,CloudDevTeam
emp_1233,CloudTeam
emp_1233,CloudOpsTeam
emp_1234,DataDevTeam
emp_1234,InnovationDevTeam
emp_1235,InfraOpsTeam
emp_1236,InfraDevTeam
emp_1236,InnovationOpsTeam
emp_1237,AnalyticsDevTeam
emp_1237,ProductTeam
emp_1238,InfraOpsTeam
emp_1239,ProductTeam
emp_1239,DataOpsTeam
emp_1240,ProductTeam
emp_1241,AIResearchTeam
emp_1242,ProductOpsTeam
emp_1242,InnovationOpsTeam
emp_1243,CloudOpsTeam
emp_1243,CloudTeam
emp_1244,CloudTeam
emp_1244,InnovationTeam
emp_1245,InnovationTeam
emp_1245,AnalyticsDevTeam
emp_1246,InnovationOpsTeam
emp_1247,ProductTeam
emp_1247,AnalyticsOpsTeam
emp_1248,AIOpsTeam
emp_1248,InnovationResearchTeam
emp_1249,DataOpsTeam
emp_1249,CloudOpsTeam
emp_1250,ProductResearchTeam
emp_1250,CloudTeam
emp_1251,InfraDevTeam
emp_1252,ProductTeam
emp_1252,CoreTeam
emp_1253,ProductTeam
emp_1254,AnalyticsResearchTeam
emp_1254,AIDevTeam
emp_1255,AITeam
emp_1256,DataDevTeam
emp_1256,InfraDevTeam
emp_1257,CloudOpsTeam
emp_1258,InfraOpsTeam
emp_1258,DataOpsTeam
emp_1259,AIOpsTeam
emp_1259,InnovationTeam
emp_1260,CloudOpsTeam
emp_1260,CoreDevTeam
emp_1261,ProductResearchTeam
emp_1262,AITeam
emp_1262,InnovationDevTeam
emp_1263,InnovationResearchTeam
emp_1264,AIResearchTeam
emp_1264,CoreDevTeam
emp_1265,CloudResearchTeam
emp_1265,AITeam
emp_1266,AIResearchTeam
emp_1267,ProductTeam
emp_1267,AIOpsTeam
emp_1268,InfraDevTeam
emp_1269,ProductResearchTeam
emp_1270,CloudTeam
emp_1270,DataOpsTeam
emp_1271,DataDevTeam
emp_1271,CloudDevTeam
emp_1272,CoreDevTeam
emp_1273,AnalyticsDevTeam
emp_1273,AITeam
emp_1274,AnalyticsDevTeam
emp_1274,CloudTeam
emp_1275,DataOpsTeam
emp_1276,ProductTeam
emp_1276,InfraResearchTeam
emp_1277,CloudDevTeam
emp_1278,AnalyticsResearchTeam
emp_1279,CoreResearchTeam
emp_1279,InnovationResearchTeam
emp_1280,InfraOpsTeam
emp_1280,AnalyticsTeam
emp_1281,InnovationTeam
emp_1281,InfraTeam
emp_1282,DataOpsTeam
emp_1282,InfraOpsTeam
emp_1283,ProductTeam
emp_1283,InfraResearchTeam
emp_1284,ProductDevTeam
emp_1285,InfraDevTeam
emp_1285,CloudOpsTeam
emp_1286,InnovationTeam
emp_1286,InnovationDevTeam
emp_1287,AnalyticsOpsTeam
emp_1287,CloudResearchTeam
emp_1288,InnovationTeam
emp_1289,CloudTeam
emp_1290,AnalyticsDevTeam
emp_1291,InfraDevTeam
emp_1292,AIDevTeam
emp_1293,CoreTeam
emp_1294,CloudOpsTeam
emp_1294,AnalyticsOpsTeam
emp_1295,CoreDevTeam
emp_1295,CloudOpsTeam
emp_1296,DataTeam
emp_1297,InfraDevTeam
emp_1297,CoreResearchTeam
emp_1298,InfraDevTeam
emp_1298,AnalyticsDevTeam
emp_1299,InfraDevTeam
emp_1299,AIDevTeam
emp_1300,CloudTeam
emp_1300,AnalyticsTeam
emp_1301,InfraTeam
emp_1302,DataTeam
emp_1303,InnovationDevTeam
emp_1304,CloudTeam
emp_1304,AITeam
emp_1305,DataTeam
emp_1305,InnovationTeam
emp_1306,CloudOpsTeam
emp_1307,InnovationOpsTeam
emp_1307,ProductTeam
emp_1308,InfraDevTeam
emp_1309,AIOpsTeam
emp_1310,InfraOpsTeam
emp_1310,InfraTeam
emp_1311,CloudOpsTeam
emp_1311,InfraOpsTeam
emp_1312,CloudTeam
emp_1312,AnalyticsTeam
emp_1313,CloudTeam
emp_1314,CoreResearchTeam
emp_1315,CloudResearchTeam
emp_1315,ProductResearchTeam
emp_1316,ProductOpsTeam
emp_1316,DataResearchTeam
emp_1317,CloudOpsTeam
emp_1317,ProductTeam
emp_1318,InnovationResearchTeam
emp_1318,ProductDevTeam
emp_1319,DataResearchTeam
emp_1320,CoreResearchTeam
emp_1320,InfraResearchTeam
emp_1321,InnovationResearchTeam
emp_1322,DataOpsTeam
emp_1323,DataOpsTeam
emp_1324,ProductDevTeam
emp_1325,CoreResearchTeam
emp_1325,ProductTeam
emp_1326,ProductDevTeam
emp_1326,InfraDevTeam
emp_1327,AIResearchTeam
emp_1328,InnovationDevTeam
emp_1329,CloudTeam
emp_1329,ProductTeam
emp_1330,ProductOpsTeam
emp_1330,AIOpsTeam
emp_1331,AITeam
emp_1331,InfraTeam
emp_1332,CloudOpsTeam
emp_1333,AnalyticsTeam
emp_1333,DataOpsTeam
emp_1334,InfraOpsTeam
emp_1335,AnalyticsResearchTeam
emp_1336,InnovationTeam
emp_1337,AnalyticsOpsTeam
emp_1338,InnovationResearchTeam
emp_1338,AnalyticsTeam
emp_1339,CloudDevTeam
emp_1340,InnovationOpsTeam
emp_1340,AITeam
emp_1341,InfraOpsTeam
emp_1342,DataOpsTeam
emp_1343,CloudTeam
emp_1344,DataOpsTeam
emp_1344,InnovationDevTeam
emp_1345,CloudTeam
emp_1345,InfraDevTeam
emp_1346,DataDevTeam
emp_1346,CloudResearchTeam
emp_1347,InfraTeam
emp_1348,InnovationDevTeam
emp_1348,InfraDevTeam
emp_1349,InnovationOpsTeam
emp_1350,DataOpsTeam
emp_1350,InnovationOpsTeam
emp_1351,InfraTeam
emp_1351,InfraOpsTeam
emp_1352,InnovationTeam
emp_1352,InnovationTeam
emp_1353,AIOpsTeam
emp_1353,InnovationOpsTeam
emp_1354,CloudOpsTeam
emp_1354,DataOpsTeam
emp_1355,CloudOpsTeam
emp_1355,InfraDevTeam
emp_1356,AnalyticsResearchTeam
emp_1357,InfraDevTeam
emp_1358,DataOpsTeam
emp_1358,CloudResearchTeam
emp_1359,InfraDevTeam
emp_1360,CloudResearchTeam
emp_1361,CloudResearchTeam
emp_1361,ProductResearchTeam
emp_1362,AIDevTeam
emp_1362,CloudTeam
emp_1363,AIDevTeam
emp_1363,CoreResearchTeam
emp_1364,ProductResearchTeam
emp_1364,CloudOpsTeam
emp_1365,InnovationDevTeam
emp_1365,AIResearchTeam
emp_1366,CloudTeam
emp_1366,InfraDevTeam
emp_1367,CoreTeam
emp_1368,CloudResearchTeam
emp_1369,AnalyticsTeam
emp_1370,InnovationDevTeam
emp_1370,AIOpsTeam
emp_1371,AnalyticsOpsTeam
emp_1372,InfraResearchTeam
emp_1373,CloudResearchTeam
emp_1374,InnovationTeam
emp_1374,InfraDevTeam
emp_1375,ProductResearchTeam
emp_1376,CoreDevTeam
emp_1376,DataOpsTeam
emp_1377,InnovationDevTeam
emp_1378,InfraDevTeam
emp_1378,AIResearchTeam
emp_1379,InnovationTeam
emp_1380,InfraDevTeam
emp_1381,InfraTeam
emp_1382,AnalyticsOpsTeam
emp_1383,DataOpsTeam
emp_1383,ProductTeam
emp_1384,InnovationResearchTeam
emp_1385,CloudOpsTeam
emp_1386,CloudTeam
emp_1387,CloudOpsTeam
emp_1388,InnovationDevTeam
emp_1388,CloudResearchTeam
emp_1389,CoreDevTeam
emp_1390,AIResearchTeam
emp_1391,InfraDevTeam
emp_1392,InfraResearchTeam
emp_1392,InnovationDevTeam
emp_1393,CloudOpsTeam
emp_1394,InnovationResearchTeam
emp_1394,InnovationDevTeam
emp_1395,InfraResearchTeam
emp_1395,InfraOpsTeam
emp_1396,CoreDevTeam
emp_1396,AnalyticsTeam
emp_1397,ProductOpsTeam
emp_1398,CloudOpsTeam
emp_1399,AIOpsTeam
emp_1399,DataOpsTeam
emp_1400,AIDevTeam
emp_1400,InnovationDevTeam
emp_1401,AnalyticsDevTeam
emp_1402,CloudTeam
emp_1403,CoreDevTeam
emp_1403,InfraTeam
emp_1404,AIOpsTeam
emp_1405,AIOpsTeam
emp_1406,AnalyticsOpsTeam
emp_1406,InfraDevTeam
emp_1407,InfraDevTeam
emp_1407,ProductResearchTeam
emp_1408,AIDevTeam
emp_1408,ProductResearchTeam
emp_1409,CloudOpsTeam
emp_1409,AIDevTeam
emp_1410,ProductTeam
emp_1410,DataResearchTeam
emp_1411,InfraTeam
emp_1411,InnovationResearchTeam
emp_1412,CloudTeam
emp_1413,InnovationDevTeam
emp_1413,DataDevTeam
emp_1414,InnovationDevTeam
emp_1414,ProductResearchTeam
emp_1415,ProductTeam
emp_1415,AITeam
emp_1416,AIResearchTeam
emp_1416,CoreDevTeam
emp_1417,AITeam
emp_1418,InnovationResearchTeam
emp_1419,AnalyticsOpsTeam
emp_1420,InnovationOpsTeam
emp_1420,CloudResearchTeam
emp_1421,InfraDevTeam
emp_1421,ProductOpsTeam
emp_1422,InnovationDevTeam
emp_1422,CloudOpsTeam
emp_1423,InfraOpsTeam
emp_1423,CloudTeam
emp_1424,InfraResearchTeam
emp_1424,InfraDevTeam
emp_1425,InfraOpsTeam
emp_1426,AIDevTeam
emp_1426,CloudResearchTeam
emp_1427,InnovationTeam
emp_1428,CoreTeam
emp_1429,AnalyticsResearchTeam
emp_1430,CoreTeam
emp_1431,AnalyticsDevTeam
emp_1431,AIOpsTeam
emp_1432,AITeam
emp_1433,CoreDevTeam
emp_1433,AnalyticsDevTeam
emp_1434,ProductTeam
emp_1435,CoreOpsTeam
emp_1435,InfraTeam
emp_1436,DataDevTeam
emp_1436,InfraDevTeam
emp_1437,ProductResearchTeam
emp_1437,ProductOpsTeam
emp_1438,InfraTeam
emp_1438,AIOpsTeam
emp_1439,InfraDevTeam
emp_1440,AIDevTeam
emp_1441,InfraTeam
emp_1441,InfraDevTeam
emp_1442,ProductTeam
emp_1443,CloudOpsTeam
emp_1443,CoreTeam
emp_1444,InnovationTeam
emp_1444,InfraOpsTeam
emp_1445,ProductResearchTeam
emp_1445,AnalyticsOpsTeam
emp_1446,AITeam
emp_1447,CloudTeam
emp_1447,AIResearchTeam
emp_1448,AIDevTeam
emp_1449,AITeam
emp_1449,CoreResearchTeam
emp_1450,AITeam
emp_1451,ProductResearchTeam
emp_1451,AnalyticsTeam
emp_1452,InfraTeam
emp_1453,ProductResearchTeam
emp_1453,InfraTeam
emp_1454,CloudResearchTeam
emp_1455,InnovationOpsTeam
emp_1455,CoreTeam
emp_1456,DataOpsTeam
emp_1457,ProductOpsTeam
emp_1457,ProductResearchTeam
emp_1458,AnalyticsTeam
emp_1459,CloudResearchTeam
emp_1459,AnalyticsOpsTeam
emp_1460,DataOpsTeam
emp_1461,CloudOpsTeam
emp_1462,InnovationResearchTeam
emp_1463,InfraResearchTeam
emp_1463,InfraDevTeam
emp_1464,InfraOpsTeam
emp_1465,CloudTeam
emp_1465,AnalyticsOpsTeam
emp_1466,InfraDevTeam
emp_1467,AIResearchTeam
emp_1468,CloudResearchTeam
emp_1468,InfraTeam
emp_1469,InfraDevTeam
emp_1470,ProductResearchTeam
emp_1471,InnovationDevTeam
emp_1471,InnovationDevTeam
emp_1472,CoreDevTeam
emp_1472,InfraOpsTeam
emp_1473,InnovationDevTeam
emp_1474,AIDevTeam
emp_1474,InfraDevTeam
emp_1475,InnovationResearchTeam
emp_1475,InnovationOpsTeam
emp_1476,InnovationDevTeam
emp_1477,CoreDevTeam
emp_1478,AnalyticsDevTeam
emp_1479,DataOpsTeam
emp_1480,InnovationDevTeam
emp_1481,AnalyticsTeam
emp_1482,InfraResearchTeam
emp_1483,InfraResearchTeam
emp_1483,AIResearchTeam
emp_1484,InnovationTeam
emp_1484,CloudResearchTeam
emp_1485,AIResearchTeam
emp_1486,DataOpsTeam
emp_1487,DataOpsTeam
emp_1487,CoreResearchTeam
emp_1488,AITeam
emp_1489,CloudTeam
emp_1490,InfraTeam
emp_1490,CloudDevTeam
emp_1491,CoreOpsTeam
emp_1491,CloudTeam
emp_1492,ProductTeam
emp_1493,InnovationResearchTeam
emp_1494,AIOpsTeam
emp_1495,InfraResearchTeam
emp_1496,AITeam
emp_1497,InfraResearchTeam
emp_1497,AITeam
emp_1498,AnalyticsResearchTeam
emp_1498,InfraOpsTeam
emp_1499,ProductOpsTeam
emp_1499,CoreTeam
